{
  "movement": [
    {
      "x": 6.283185307179586,
      "y": 0.0
    }
  ],
  "position": [
    {
      "x": 0,
      "y": 0
    },
    {
      "x": 6.283185307179586,
      "y": 0.0
    }
  ]
}