{
  "movement": [
    {
      "x": 6.283185307179586,
      "y": 0.0
    },
    {
      "x": 3.8473413874435795e-16,
      "y": 6.283185307179586
    }
  ],
  "position": [
    {
      "x": 0,
      "y": 0
    },
    {
      "x": 6.283185307179586,
      "y": 0.0
    },
    {
      "x": 6.283185307179586,
      "y": 6.283185307179586
    }
  ]
}